{
  "run_id": 21,
  "timestamp": "20260301_205220",
  "features": [
    "trend_regime",
    "rsi_7_trend_context"
  ],
  "metrics": {
    "sharpe_ratio": -1.0621214706996458,
    "max_drawdown": 0.21279140925764953,
    "profit_factor": 0.5098909578921788,
    "calmar_ratio": -0.7926662917001159,
    "total_return": -0.16436634399842398,
    "annualized_return": -0.16867257728190277,
    "volatility": 0.16187940705205103,
    "win_rate": 0.09523809523809523,
    "total_trades": 21.0,
    "winning_trades": 2.0,
    "losing_trades": 19.0,
    "max_dd_duration": 77.0,
    "recovery_factor": -0.7724294160738787,
    "long_threshold": 0.55,
    "short_threshold": 0.4600000000000001
  },
  "label_config": {
    "horizon": 12,
    "threshold": 0.004
  },
  "hyperparams": {
    "max_depth": 7,
    "learning_rate": 0.11826116588697248,
    "n_estimators": 374,
    "subsample": 0.6080685654563445,
    "colsample_bytree": 0.6633010290772279
  },
  "risk_config": {
    "risk_per_trade": 0.015,
    "atr_multiplier": 2.5,
    "reward_risk_ratio": 3.0
  },
  "model_path": "results\\models\\model_run_21_20260301_205220.pkl"
}